<?xml version="1.0" encoding="UTF-8"?>
<includes>
	<include file="Defaults.xml" />
	<include file="IncludesBackgroundBuilding.xml" />
	<include file="IncludesCodecFlagging.xml" />
	<include file="IncludesHomeRecentlyAdded.xml" />
	<include file="IncludesHomeMenuItems.xml" />
	<include file="IncludesPVR.xml" />
	<include file="Variables.xml" />
	<include file="ViewsAddonBrowser.xml" />
	<include file="ViewsFileMode.xml" />
	<include file="ViewsLiveTV.xml" />
	<include file="ViewsMusicLibrary.xml" />
	<include file="ViewsPictures.xml" />
	<include file="ViewsPVRGuide.xml" />
	<include file="ViewsVideoLibrary.xml" />
	<include file="ViewsWeather.xml" />
	<!-- CONSTANTS -->
	<constant name="FanartCrossfadeTime">500</constant>
	<constant name="IconCrossfadeTime">400</constant>
	<constant name="DepthDialog">0.50</constant>
	<constant name="DepthDialog+">0.52</constant>
	<constant name="DepthDialog-">0.48</constant>
	<constant name="DepthMax">0.54</constant>
	<constant name="DepthOSD">0.40</constant>
	<constant name="DepthOSD+">0.44</constant>
	<constant name="DepthOSD-">0.36</constant>
	<constant name="DepthOSDPopout">0.48</constant>
	<constant name="DepthContent">0</constant>
	<constant name="DepthContent+">0.08</constant>
	<constant name="DepthContent-">-0.08</constant>
	<constant name="DepthContentPopout">0.15</constant>
	<constant name="DepthMenu">0.08</constant>
	<constant name="DepthMenu+">0.14</constant>
	<constant name="DepthMenu-">0.00</constant>
	<constant name="DepthHeader">0.08</constant>
	<constant name="DepthFooter">0.08</constant>
	<constant name="DepthBackground">-0.80</constant>
	<constant name="DepthFloor">-0.20</constant>
	<constant name="DepthSideBlade">0.15</constant>
	<!-- INCLUDES -->
	<include name="MusicInfoPanel">
		<control type="panel" id="50">
			<left>$PARAM[panel-left]</left>
			<top>780</top>
			<width>$PARAM[panel-width]</width>
			<height>180</height>
			<onleft>50</onleft>
			<onright>50</onright>
			<onup>49</onup>
			<ondown>9000</ondown>
			<viewtype label="">list</viewtype>
			<pagecontrol>61</pagecontrol>
			<scrolltime>200</scrolltime>
			<orientation>vertical</orientation>
			<itemlayout height="60" width="$PARAM[item-width]">
				<control type="image">
					<left>0</left>
					<top>0</top>
					<width>$PARAM[item-width]</width>
					<height>60</height>
					<texture border="8" colordiffuse="theme">button-nofocus.png</texture>
				</control>
				<control type="label">
					<left>15</left>
					<top>0</top>
					<width>$PARAM[label-width]</width>
					<height>60</height>
					<font>font12</font>
					<align>left</align>
					<aligny>center</aligny>
					<selectedcolor>selected</selectedcolor>
					<label>$VAR[MusicInfoPanelLabel]</label>
				</control>
				<control type="label">
					<left>15</left>
					<top>0</top>
					<width>$PARAM[label-width]</width>
					<height>60</height>
					<font>font12</font>
					<align>right</align>
					<aligny>center</aligny>
					<selectedcolor>selected</selectedcolor>
					<label>$INFO[ListItem.Duration]</label>
				</control>
			</itemlayout>
			<focusedlayout height="60" width="$PARAM[item-width]">
				<control type="image">
					<left>0</left>
					<top>0</top>
					<width>$PARAM[item-width]</width>
					<height>60</height>
					<visible>!Control.HasFocus(50)</visible>
					<texture border="8" colordiffuse="theme">button-nofocus.png</texture>
				</control>
				<control type="image">
					<left>0</left>
					<top>0</top>
					<width>$PARAM[item-width]</width>
					<height>60</height>
					<visible>Control.HasFocus(50)</visible>
					<texture border="8" colordiffuse="theme">button-focus2.png</texture>
				</control>
				<control type="label">
					<left>15</left>
					<top>0</top>
					<width>$PARAM[label-width]</width>
					<height>60</height>
					<font>font12</font>
					<align>left</align>
					<aligny>center</aligny>
					<selectedcolor>selected</selectedcolor>
					<label>$VAR[MusicInfoPanelLabel]</label>
				</control>
				<control type="label">
					<left>15</left>
					<top>0</top>
					<width>$PARAM[label-width]</width>
					<height>60</height>
					<font>font12</font>
					<align>right</align>
					<aligny>center</aligny>
					<selectedcolor>selected</selectedcolor>
					<label>$INFO[ListItem.Duration]</label>
				</control>
			</focusedlayout>
		</control>
	</include>
	<include name="DialogBackgroundCommons">
		<control type="image">
			<description>background image</description>
			<left>0</left>
			<top>0</top>
			<width>$PARAM[DialogBackgroundWidth]</width>
			<height>$PARAM[DialogBackgroundHeight]</height>
			<texture border="60">$VAR[SelectBack]</texture>
		</control>
		<control type="image">
			<description>Dialog Header image</description>
			<left>60</left>
			<top>24</top>
			<width>$PARAM[DialogHeaderWidth]</width>
			<height>60</height>
			<texture>dialogheader.png</texture>
		</control>
		<control type="label" id="$PARAM[DialogHeaderId]">
			<description>header label</description>
			<left>60</left>
			<top>30</top>
			<width>$PARAM[DialogHeaderWidth]</width>
			<height>45</height>
			<font>font13_title</font>
			<label>$PARAM[DialogHeaderLabel]</label>
			<align>center</align>
			<aligny>center</aligny>
			<textcolor>selected</textcolor>
			<shadowcolor>black</shadowcolor>
		</control>
		<control type="button">
			<description>Close Window button</description>
			<left>$PARAM[CloseButtonLeft]</left>
			<top>22</top>
			<width>96</width>
			<height>48</height>
			<label>-</label>
			<font>-</font>
			<onclick>PreviousMenu</onclick>
			<texturefocus colordiffuse="theme">DialogCloseButton-focus.png</texturefocus>
			<texturenofocus>DialogCloseButton.png</texturenofocus>
			<onleft>$PARAM[CloseButtonNav]</onleft>
			<onright>$PARAM[CloseButtonNav]</onright>
			<onup>$PARAM[CloseButtonNav]</onup>
			<ondown>$PARAM[CloseButtonNav]</ondown>
			<visible>system.getbool(input.enablemouse)</visible>
		</control>
	</include>
	<include name="BehindDialogFadeOut">
		<control type="image">
			<left>0</left>
			<top>0</top>
			<width>1920</width>
			<height>1080</height>
			<texture>black-back.png</texture>
			<animation effect="fade" time="300">Visible</animation>
			<animation effect="fade" time="150">Hidden</animation>
			<visible>Window.IsActive(MovieInformation) | Window.IsActive(MusicInformation) | Window.IsActive(SongInformation) | Window.IsActive(FileBrowser) | Window.IsActive(TextViewer) | Window.IsActive(AddonSettings) | Window.IsActive(ContentSettings) | Window.IsActive(SelectDialog) | Window.IsActive(MediaSource) | Window.IsActive(PictureInfo) | Window.IsActive(PlayerControls) | Window.IsActive(VirtualKeyboard) | Window.IsActive(NumericInput) | Window.IsActive(ProfileSettings) | Window.IsActive(LockSettings) | Window.IsActive(SmartPlaylistEditor) | Window.IsActive(SmartPlaylistRule) | Window.IsActive(script-RSS_Editor-rssEditor.xml) | Window.IsActive(script-RSS_Editor-setEditor.xml) | Window.IsActive(AddonInformation) | Window.IsActive(PeripheralSettings) | Window.IsActive(script-cu-lrclyrics-main.xml) | Window.IsActive(MediaFilter)</visible>
		</control>
	</include>
	<include name="WindowTitleCommons">
		<left>0</left>
		<top>0</top>
		<width min="0" max="1200">auto</width>
		<height>45</height>
		<font>font14</font>
		<textcolor>white</textcolor>
		<shadowcolor>black</shadowcolor>
		<scroll>false</scroll>
		<align>left</align>
		<aligny>center</aligny>
	</include>
	<include name="ButtonCommonValues">
		<height>60</height>
		<width>375</width>
		<textoffsetx>15</textoffsetx>
		<textwidth>300</textwidth>
		<aligny>center</aligny>
		<font>font13</font>
		<texturefocus border="8" colordiffuse="theme">button-focus.png</texturefocus>
		<texturenofocus>-</texturenofocus>
		<pulseonselect>false</pulseonselect>
	</include>
	<include name="ButtonMediaSubCommonValues">
		<height>60</height>
		<width>332</width>
		<textoffsetx>30</textoffsetx>
		<textwidth>292</textwidth>
		<aligny>center</aligny>
		<font>font12_title</font>
		<texturefocus border="8" colordiffuse="theme">button-focus.png</texturefocus>
		<texturenofocus border="8" colordiffuse="theme">button-nofocus.png</texturenofocus>
		<pulseonselect>false</pulseonselect>
	</include>
	<include name="ButtonHomeSubCommonValues">
		<height>52</height>
		<width>270</width>
		<textwidth>260</textwidth>
		<align>center</align>
		<aligny>center</aligny>
		<font>font12</font>
		<textcolor>grey2</textcolor>
		<focusedcolor>white</focusedcolor>
		<scroll>true</scroll>
		<texturefocus border="8" colordiffuse="theme">HomeSubFO.png</texturefocus>
		<texturenofocus border="8" colordiffuse="theme">HomeSubNF.png</texturenofocus>
		<pulseonselect>false</pulseonselect>
	</include>
	<include name="HomeSubMenuCommonValues">
		<left>0</left>
		<top>0</top>
		<width>1920</width>
		<height>52</height>
		<align>center</align>
		<onup>9000</onup>
		<ondown>9002</ondown>
		<itemgap>0</itemgap>
		<orientation>Horizontal</orientation>
		<animation effect="slide" start="0,-60" end="0,0" delay="150" time="150" tween="quadratic" easing="out">Visible</animation>
		<animation effect="slide" start="0,0" end="0,-60" time="150" tween="quadratic" easing="out">Hidden</animation>
	</include>
	<include name="ButtonInfoDialogsCommonValues">
		<height>60</height>
		<width>255</width>
		<textoffsetx>8</textoffsetx>
		<align>center</align>
		<aligny>center</aligny>
		<font>font12_title</font>
		<texturefocus border="8" colordiffuse="theme">button-focus.png</texturefocus>
		<texturenofocus border="8" colordiffuse="theme">button-nofocus.png</texturenofocus>
		<pulseonselect>false</pulseonselect>
	</include>
	<include name="SideBladeLeft">
		<depth>DepthSideBlade</depth>
		<animation effect="slide" start="0,0" end="375,0" time="300" tween="quadratic" easing="out" condition="[ControlGroup(9000).HasFocus | Control.HasFocus(9001) | Control.HasFocus(8999)] + ![Window.IsActive(PVRGuideInfo) | Window.IsActive(PVRRadioRDSInfo)]">Conditional</animation>
		<animation effect="slide" start="0,0" end="-450,0" time="300" tween="quadratic" easing="out" condition="ControlGroup(9000).HasFocus | Control.HasFocus(9001)">WindowClose</animation>
		<animation effect="slide" start="0,0" end="-75,0" time="225" tween="quadratic" easing="out" condition="![ControlGroup(9000).HasFocus | Control.HasFocus(9001)]">WindowClose</animation>
		<animation effect="slide" start="-75,0" end="0,0" time="225" tween="quadratic" easing="out">WindowOpen</animation>
		<control type="button" id="8999">
			<description>Fake button for mouse control</description>
			<left>0</left>
			<top>0</top>
			<width>375</width>
			<height>1080</height>
			<label>-</label>
			<font>-</font>
			<texturenofocus>-</texturenofocus>
			<texturefocus>-</texturefocus>
			<visible>true</visible>
		</control>
		<control type="button" id="9001">
			<left>375</left>
			<top>390</top>
			<width>63</width>
			<height>192</height>
			<font>-</font>
			<texturefocus colordiffuse="theme">HasSub.png</texturefocus>
			<texturenofocus colordiffuse="theme">HasSub.png</texturenofocus>
		</control>
		<control type="image">
			<left>-30</left>
			<top>0</top>
			<width>420</width>
			<height>1080</height>
			<texture border="0,0,15,0" colordiffuse="theme">MediaBladeSub.png</texture>
		</control>
		<control type="image">
			<description>LOGO</description>
			<left>22</left>
			<top>0</top>
			<width>330</width>
			<height>120</height>
			<aspectratio>keep</aspectratio>
			<texture>Confluence_Logo.png</texture>
		</control>
	</include>
	<include name="MainWindowMouseButtons">
		<control type="group">
			<left>180r</left>
			<top>82r</top>
			<animation effect="fade" time="200" condition="Window.Previous(Home)">WindowOpen</animation>
			<animation effect="fade" time="200" condition="Window.Next(Home)">WindowClose</animation>
			<visible>system.getbool(input.enablemouse)</visible>
			<control type="button">
				<description>Back push button</description>
				<left>0</left>
				<top>0</top>
				<width>68</width>
				<height>68</height>
				<label>1036</label>
				<font>-</font>
				<onclick>back</onclick>
				<texturefocus border="8" colordiffuse="theme">floor_buttonFO.png</texturefocus>
				<texturenofocus border="8">floor_button.png</texturenofocus>
				<onleft>50</onleft>
				<onright>50</onright>
				<onup>50</onup>
				<ondown>50</ondown>
			</control>
			<control type="image">
				<description>Back Icon</description>
				<left>8</left>
				<top>8</top>
				<width>52</width>
				<height>52</height>
				<aspectratio>keep</aspectratio>
				<texture>icon_back.png</texture>
			</control>
			<control type="button">
				<description>Home push button</description>
				<left>82</left>
				<top>0</top>
				<width>68</width>
				<height>68</height>
				<label>31003</label>
				<font>-</font>
				<onclick>ActivateWindow(home)</onclick>
				<texturefocus border="8" colordiffuse="theme">floor_buttonFO.png</texturefocus>
				<texturenofocus border="8">floor_button.png</texturenofocus>
				<onleft>50</onleft>
				<onright>50</onright>
				<onup>50</onup>
				<ondown>50</ondown>
			</control>
			<control type="image">
				<description>Home Icon</description>
				<left>90</left>
				<top>8</top>
				<width>52</width>
				<height>52</height>
				<aspectratio>keep</aspectratio>
				<texture>icon_home.png</texture>
			</control>
		</control>
	</include>
	<include name="CommonNowPlaying">
		<control type="group">
			<visible>Player.HasMedia + String.IsEmpty(Window(Videos).Property(PlayingBackgroundMedia))</visible>
			<include>VisibleFadeEffect</include>
			<animation effect="fade" time="200" condition="Window.Previous(Home)">WindowOpen</animation>
			<animation effect="fade" time="200" condition="Window.Next(Home)">WindowClose</animation>
			<control type="button">
				<description>push button</description>
				<left>45</left>
				<top>82r</top>
				<width>68</width>
				<height>68</height>
				<label>31003</label>
				<font>-</font>
				<onclick>ActivateWindow(PlayerControls)</onclick>
				<texturefocus border="8" colordiffuse="theme">floor_buttonFO.png</texturefocus>
				<texturenofocus border="8">floor_button.png</texturenofocus>
				<onleft>50</onleft>
				<onright>50</onright>
				<onup>50</onup>
				<ondown>50</ondown>
			</control>
			<control type="image">
				<description>Player Icon</description>
				<left>52</left>
				<top>75r</top>
				<width>52</width>
				<height>52</height>
				<aspectratio>keep</aspectratio>
				<texture>icon_player.png</texture>
			</control>
			<control type="label">
				<left>128</left>
				<top>80r</top>
				<width>1050</width>
				<height>30</height>
				<label>$INFO[Player.Title] - ([COLOR=theme]$INFO[Player.Time] / $INFO[Player.Duration,][/COLOR])</label>
				<align>left</align>
				<aligny>center</aligny>
				<font>font12</font>
				<textcolor>grey</textcolor>
				<shadowcolor>black</shadowcolor>
			</control>
			<control type="label">
				<left>128</left>
				<top>48r</top>
				<width>1050</width>
				<height>30</height>
				<label>$INFO[MusicPlayer.Artist]$INFO[MusicPlayer.Album, - ]</label>
				<align>left</align>
				<aligny>center</aligny>
				<font>font12</font>
				<textcolor>grey</textcolor>
				<shadowcolor>black</shadowcolor>
				<visible>Player.HasAudio</visible>
			</control>
			<control type="label">
				<left>128</left>
				<top>45r</top>
				<width>1050</width>
				<height>30</height>
				<label>$INFO[VideoPlayer.Studio]</label>
				<align>left</align>
				<aligny>center</aligny>
				<font>font12</font>
				<textcolor>grey</textcolor>
				<shadowcolor>black</shadowcolor>
				<visible>Player.HasVideo + VideoPlayer.Content(Movies)</visible>
			</control>
			<control type="label">
				<left>128</left>
				<top>45r</top>
				<width>1050</width>
				<height>30</height>
				<label>$INFO[VideoPlayer.TVShowTitle]</label>
				<align>left</align>
				<aligny>center</aligny>
				<font>font12</font>
				<textcolor>grey</textcolor>
				<shadowcolor>black</shadowcolor>
				<visible>Player.HasVideo + VideoPlayer.Content(Episodes)</visible>
			</control>
			<control type="label">
				<left>128</left>
				<top>45r</top>
				<width>1050</width>
				<height>30</height>
				<label>$INFO[VideoPlayer.Artist]</label>
				<align>left</align>
				<aligny>center</aligny>
				<font>font12</font>
				<textcolor>grey</textcolor>
				<shadowcolor>black</shadowcolor>
				<visible>Player.HasVideo + VideoPlayer.Content(MusicVideos)</visible>
			</control>
			<control type="label">
				<left>128</left>
				<top>45r</top>
				<width>1050</width>
				<height>30</height>
				<label>$INFO[VideoPlayer.ChannelName]$INFO[VideoPlayer.ChannelNumberLabel, - ([COLOR=theme],[/COLOR])]</label>
				<align>left</align>
				<aligny>center</aligny>
				<font>font12</font>
				<textcolor>grey</textcolor>
				<shadowcolor>black</shadowcolor>
				<visible>Player.HasVideo + VideoPlayer.Content(LiveTV)</visible>
			</control>
		</control>
	</include>
	<include name="CommonPageCount">
		<control type="group">
			<animation effect="slide" start="0,0" end="-135,0" time="0" condition="system.getbool(input.enablemouse)">Conditional</animation>
			<control type="label">
				<description>Page Count Label</description>
				<right>60</right>
				<top>80r</top>
				<width>750</width>
				<height>30</height>
				<font>font12</font>
				<textcolor>grey</textcolor>
				<scroll>false</scroll>
				<align>right</align>
				<aligny>center</aligny>
				<label>$INFO[Container.NumItems,([COLOR=theme],[/COLOR]) $LOCALIZE[31025]]$INFO[Container.CurrentPage, - $LOCALIZE[31024] ([COLOR=theme]]$INFO[Container.NumPages,/,[/COLOR])]</label>
				<include>Window_OpenClose_Animation</include>
			</control>
			<control type="label">
				<description>Container Duration Label</description>
				<right>60</right>
				<top>48r</top>
				<width>750</width>
				<height>30</height>
				<font>font12</font>
				<textcolor>grey</textcolor>
				<scroll>false</scroll>
				<align>right</align>
				<aligny>center</aligny>
				<label>$INFO[Container.TotalTime,$LOCALIZE[31009] ([COLOR=theme],[/COLOR])]</label>
				<include>Window_OpenClose_Animation</include>
			</control>
		</control>
	</include>
	<include name="SmallMusicInfo">
		<control type="image">
			<description>gradient</description>
			<left>0</left>
			<top>0</top>
			<width>750</width>
			<height>248</height>
			<colordiffuse>DDFFFFFF</colordiffuse>
			<texture border="30">OverlayDialogBackground.png</texture>
		</control>
		<control type="image">
			<description>Cover image</description>
			<left>30</left>
			<top>26</top>
			<width>195</width>
			<height>195</height>
			<texture>$INFO[MusicPlayer.Cover]</texture>
		</control>
		<control type="label">
			<description>Artist label</description>
			<left>240</left>
			<top>30</top>
			<height>45</height>
			<width>488</width>
			<label>$INFO[MusicPlayer.Artist]</label>
			<align>left</align>
			<aligny>center</aligny>
			<font>font12_title</font>
			<textcolor>grey2</textcolor>
			<shadowcolor>black</shadowcolor>
		</control>
		<control type="fadelabel">
			<description>Title label</description>
			<left>240</left>
			<top>64</top>
			<height>45</height>
			<width>488</width>
			<label>$INFO[Player.Title]</label>
			<align>left</align>
			<aligny>center</aligny>
			<font>font13_title</font>
			<textcolor>white</textcolor>
			<shadowcolor>black</shadowcolor>
			<scrollout>false</scrollout>
			<pauseatend>2000</pauseatend>
		</control>
		<control type="label">
			<description>Album Label</description>
			<left>240</left>
			<top>105</top>
			<height>45</height>
			<width>488</width>
			<label>$INFO[MusicPlayer.Album]$INFO[musicplayer.discnumber, - $LOCALIZE[427]:]</label>
			<align>left</align>
			<aligny>center</aligny>
			<font>font12</font>
			<textcolor>white</textcolor>
			<shadowcolor>black</shadowcolor>
		</control>
		<control type="label">
			<description>Time Label</description>
			<left>240</left>
			<top>142</top>
			<height>45</height>
			<width>488</width>
			<label>$INFO[MusicPlayer.Time]$INFO[MusicPlayer.Duration, / ]</label>
			<align>left</align>
			<aligny>center</aligny>
			<font>font12</font>
			<textcolor>white</textcolor>
			<shadowcolor>black</shadowcolor>
		</control>
		<control type="label">
			<description>Next Label</description>
			<left>240</left>
			<top>180</top>
			<height>45</height>
			<width>488</width>
			<label>[COLOR=theme]$LOCALIZE[19031] :[/COLOR] $INFO[MusicPlayer.offset(1).Title]</label>
			<align>right</align>
			<aligny>center</aligny>
			<font>font12</font>
			<textcolor>grey</textcolor>
			<shadowcolor>black</shadowcolor>
		</control>
	</include>
	<include name="SmallVideoInfo">
		<control type="image">
			<description>gradient</description>
			<left>0</left>
			<top>0</top>
			<width>750</width>
			<height>248</height>
			<colordiffuse>DDFFFFFF</colordiffuse>
			<texture border="30">OverlayDialogBackground.png</texture>
		</control>
		<control type="image">
			<description>Cover image</description>
			<left>30</left>
			<top>26</top>
			<width>195</width>
			<height>195</height>
			<aspectratio>keep</aspectratio>
			<texture>$INFO[VideoPlayer.cover]</texture>
		</control>
		<control type="label">
			<description>Studio label</description>
			<left>240</left>
			<top>30</top>
			<height>45</height>
			<width>488</width>
			<label>$INFO[VideoPlayer.Studio]</label>
			<align>left</align>
			<aligny>center</aligny>
			<font>font12_title</font>
			<textcolor>grey2</textcolor>
			<shadowcolor>black</shadowcolor>
			<visible>!videoplayer.content(episodes) + !videoplayer.content(musicvideos)</visible>
		</control>
		<control type="label">
			<description>TV Show Title label</description>
			<left>240</left>
			<top>30</top>
			<height>45</height>
			<width>488</width>
			<label>$INFO[VideoPlayer.tvshowtitle]</label>
			<align>left</align>
			<aligny>center</aligny>
			<font>font12_title</font>
			<textcolor>white</textcolor>
			<shadowcolor>black</shadowcolor>
			<visible>videoplayer.content(episodes)</visible>
		</control>
		<control type="fadelabel">
			<description>Music Video Artist label</description>
			<left>240</left>
			<top>30</top>
			<height>45</height>
			<width>488</width>
			<label>$INFO[VideoPlayer.Artist]</label>
			<align>left</align>
			<aligny>center</aligny>
			<font>font12_title</font>
			<textcolor>white</textcolor>
			<shadowcolor>black</shadowcolor>
			<visible>videoplayer.content(musicvideos)</visible>
			<scrollout>false</scrollout>
			<pauseatend>2000</pauseatend>
		</control>
		<control type="fadelabel">
			<description>Title label</description>
			<left>240</left>
			<top>64</top>
			<height>45</height>
			<width>488</width>
			<label>$INFO[Player.Title]</label>
			<align>left</align>
			<aligny>center</aligny>
			<font>font13_title</font>
			<textcolor>white</textcolor>
			<shadowcolor>black</shadowcolor>
			<scrollout>false</scrollout>
			<pauseatend>2000</pauseatend>
		</control>
		<control type="label">
			<description>Genre label</description>
			<left>240</left>
			<top>105</top>
			<height>45</height>
			<width>488</width>
			<label>$INFO[VideoPlayer.Genre]</label>
			<align>left</align>
			<aligny>center</aligny>
			<font>font12</font>
			<textcolor>white</textcolor>
			<shadowcolor>black</shadowcolor>
			<visible>!videoplayer.content(episodes) + !videoplayer.content(musicvideos)</visible>
		</control>
		<control type="label">
			<left>240</left>
			<top>105</top>
			<height>45</height>
			<width>488</width>
			<label>$INFO[VideoPlayer.Album]</label>
			<align>left</align>
			<aligny>center</aligny>
			<font>font12</font>
			<textcolor>white</textcolor>
			<shadowcolor>black</shadowcolor>
			<visible>videoplayer.content(musicvideos)</visible>
		</control>
		<control type="label">
			<description>Season and Episode label</description>
			<left>240</left>
			<top>105</top>
			<height>45</height>
			<width>488</width>
			<label>$LOCALIZE[20373] $INFO[VideoPlayer.Season] - $LOCALIZE[20359] $INFO[VideoPlayer.episode]</label>
			<align>left</align>
			<aligny>center</aligny>
			<font>font12</font>
			<textcolor>white</textcolor>
			<shadowcolor>black</shadowcolor>
			<visible>videoplayer.content(episodes)</visible>
		</control>
		<control type="label">
			<description>Time Label</description>
			<left>240</left>
			<top>142</top>
			<height>45</height>
			<width>488</width>
			<label>$INFO[VideoPlayer.Time]$INFO[VideoPlayer.Duration, / ]</label>
			<align>left</align>
			<aligny>center</aligny>
			<font>font12</font>
			<textcolor>white</textcolor>
			<shadowcolor>black</shadowcolor>
		</control>
	</include>
	<include name="CommonNowPlaying_Controls">
		<control type="label" id="202">
			<width>375</width>
			<height>52</height>
			<font>font12</font>
			<label>31023</label>
			<textcolor>theme</textcolor>
			<align>center</align>
			<aligny>center</aligny>
			<visible>Player.HasMedia</visible>
			<include>VisibleFadeEffect</include>
		</control>
		<control type="button" id="610">
			<description>Fake Button to fix Player Controls Navigation</description>
			<visible>false</visible>
		</control>
		<control type="group" id="90060">
			<height>68</height>
			<visible>VideoPlayer.Content(LiveTV)</visible>
			<include>VisibleFadeEffect</include>
			<control type="grouplist" id="9006">
				<width>375</width>
				<height>68</height>
				<itemgap>1</itemgap>
				<orientation>horizontal</orientation>
				<onright>50</onright>
				<onback>50</onback>
				<onup>610</onup>
				<ondown>611</ondown>
				<control type="button" id="600">
					<width>58</width>
					<height>58</height>
					<label>-</label>
					<texturefocus>OSDChannelUPFO.png</texturefocus>
					<texturenofocus>OSDChannelUPNF.png</texturenofocus>
					<onclick>ChannelDown</onclick>
				</control>
				<control type="button" id="601">
					<width>58</width>
					<height>58</height>
					<label>-</label>
					<texturefocus>OSDChannelDownFO.png</texturefocus>
					<texturenofocus>OSDChannelDownNF.png</texturenofocus>
					<onclick>ChannelUp</onclick>
				</control>
				<control type="button" id="603">
					<width>58</width>
					<height>58</height>
					<label>-</label>
					<texturefocus>OSDStopFO.png</texturefocus>
					<texturenofocus>OSDStopNF.png</texturenofocus>
					<onclick>down</onclick>
					<onclick>PlayerControl(Stop)</onclick>
				</control>
				<control type="togglebutton" id="604">
					<width>58</width>
					<height>58</height>
					<label>-</label>
					<texturefocus>OSDPauseFO.png</texturefocus>
					<texturenofocus>OSDPauseNF.png</texturenofocus>
					<usealttexture>Player.Paused | Player.Forwarding | Player.Rewinding</usealttexture>
					<alttexturefocus>OSDPlayFO.png</alttexturefocus>
					<alttexturenofocus>OSDPlayNF.png</alttexturenofocus>
					<onclick>PlayerControl(Play)</onclick>
					<enable>Player.PauseEnabled</enable>
					<animation effect="fade" start="100" end="30" time="75" condition="!Player.PauseEnabled">Conditional</animation>
				</control>
				<control type="button" id="605">
					<width>58</width>
					<height>58</height>
					<label>-</label>
					<texturefocus>OSDRecordOffFO.png</texturefocus>
					<texturenofocus>OSDRecordOffNF.png</texturenofocus>
					<onclick>PlayerControl(record)</onclick>
					<enable>Player.CanRecord</enable>
					<animation effect="fade" start="100" end="30" time="75" condition="!Player.CanRecord">Conditional</animation>
				</control>
				<control type="button" id="606">
					<width>58</width>
					<height>58</height>
					<label>-</label>
					<visible>RDS.HasRadiotextPlus</visible>
					<texturefocus>OSDRadioRDSFO.png</texturefocus>
					<texturenofocus>OSDRadioRDSNF.png</texturenofocus>
					<onclick>ActivateWindow(PVRRadioRDSInfo)</onclick>
				</control>
				<control type="button" id="622">
					<width>58</width>
					<height>58</height>
					<label>-</label>
					<visible>!RDS.HasRadiotextPlus</visible>
					<texturefocus>OSDChannelListFO.png</texturefocus>
					<texturenofocus>OSDChannelListNF.png</texturenofocus>
					<onclick>ActivateWindow(PVRGuideInfo)</onclick>
				</control>
			</control>
		</control>
		<control type="group" id="90050">
			<visible>Player.HasMedia</visible>
			<visible>!VideoPlayer.Content(LiveTV)</visible>
			<include>VisibleFadeEffect</include>
			<height>68</height>
			<control type="grouplist" id="9005">
				<width>375</width>
				<height>68</height>
				<itemgap>1</itemgap>
				<orientation>horizontal</orientation>
				<onright>50</onright>
				<onback>50</onback>
				<onup>610</onup>
				<ondown>611</ondown>
				<defaultcontrol always="true">603</defaultcontrol>
				<control type="button" id="700">
					<width>58</width>
					<height>58</height>
					<label>-</label>
					<texturefocus>OSDPrevTrackFO.png</texturefocus>
					<texturenofocus>OSDPrevTrackNF.png</texturenofocus>
					<onclick>PlayerControl(Previous)</onclick>
				</control>
				<control type="button" id="706">
					<width>58</width>
					<height>58</height>
					<label>-</label>
					<texturefocus>OSDRewindFO.png</texturefocus>
					<texturenofocus>OSDRewindNF.png</texturenofocus>
					<onclick>PlayerControl(Rewind)</onclick>
					<visible>Window.IsVisible(MusicPlaylist) | Window.IsVisible(VideoPlaylist) | Player.HasVideo</visible>
				</control>
				<control type="togglebutton" id="703">
					<width>58</width>
					<height>58</height>
					<label>-</label>
					<texturefocus>OSDPauseFO.png</texturefocus>
					<texturenofocus>OSDPauseNF.png</texturenofocus>
					<usealttexture>Player.Paused | Player.Forwarding | Player.Rewinding</usealttexture>
					<alttexturefocus>OSDPlayFO.png</alttexturefocus>
					<alttexturenofocus>OSDPlayNF.png</alttexturenofocus>
					<onclick>PlayerControl(Play)</onclick>
				</control>
				<control type="button" id="701">
					<width>58</width>
					<height>58</height>
					<label>-</label>
					<texturefocus>OSDStopFO.png</texturefocus>
					<texturenofocus>OSDStopNF.png</texturenofocus>
					<onclick>down</onclick>
					<onclick>PlayerControl(Stop)</onclick>
				</control>
				<control type="button" id="707">
					<width>58</width>
					<height>58</height>
					<label>-</label>
					<texturefocus>OSDForwardFO.png</texturefocus>
					<texturenofocus>OSDForwardNF.png</texturenofocus>
					<onclick>PlayerControl(Forward)</onclick>
					<visible>Window.IsVisible(MusicPlaylist) | Window.IsVisible(VideoPlaylist) | Player.HasVideo</visible>
				</control>
				<control type="button" id="702">
					<width>58</width>
					<height>58</height>
					<label>-</label>
					<texturefocus>OSDNextTrackFO.png</texturefocus>
					<texturenofocus>OSDNextTrackNF.png</texturenofocus>
					<onclick>PlayerControl(Next)</onclick>
				</control>
				<control type="group" id="799">
					<width>58</width>
					<height>58</height>
					<control type="button" id="704">
						<width>58</width>
						<height>58</height>
						<label>-</label>
						<texturefocus>-</texturefocus>
						<texturenofocus>-</texturenofocus>
						<onleft>702</onleft>
						<onright>705</onright>
						<onclick>PlayerControl(Repeat)</onclick>
						<visible>!Window.IsVisible(MusicPlaylist) + !Window.IsVisible(VideoPlaylist) + !Player.HasVideo</visible>
					</control>
					<control type="image" id="713">
						<width>58</width>
						<height>58</height>
						<texture>$VAR[PlayerControlsRepeatImageVar]</texture>
						<visible>!Window.IsVisible(MusicPlaylist) + !Window.IsVisible(VideoPlaylist) + !Player.HasVideo</visible>
					</control>
				</control>
				<control type="togglebutton" id="705">
					<width>58</width>
					<height>58</height>
					<label>-</label>
					<texturefocus>OSDRandomOffFO.png</texturefocus>
					<texturenofocus>OSDRandomOffNF.png</texturenofocus>
					<usealttexture>Playlist.IsRandom</usealttexture>
					<alttexturefocus>OSDRandomOnFO.png</alttexturefocus>
					<alttexturenofocus>OSDRandomOnNF.png</alttexturenofocus>
					<onclick>PlayerControl(Random)</onclick>
					<visible>!Window.IsVisible(MusicPlaylist) + !Window.IsVisible(VideoPlaylist) + !Player.HasVideo</visible>
				</control>
			</control>
		</control>
		<control type="radiobutton" id="611">
			<description>Go to fullscreen Playback</description>
			<include>ButtonCommonValues</include>
			<label>31008</label>
			<onclick>fullscreen</onclick>
			<textureradioonfocus>GoFullscreen.png</textureradioonfocus>
			<textureradioonnofocus>GoFullscreen.png</textureradioonnofocus>
			<textureradioofffocus>GoFullscreen.png</textureradioofffocus>
			<textureradiooffnofocus>GoFullscreen.png</textureradiooffnofocus>
			<visible>Player.HasMedia</visible>
		</control>
		<control type="button" id="612">
			<description>Go to playlist</description>
			<include>ButtonCommonValues</include>
			<label>13350</label>
			<onclick>$VAR[PlayList]</onclick>
			<visible>[Window.IsActive(Videos) + !String.IsEqual(Playlist.Length(video),0)] | [Window.IsActive(Music) + !String.IsEqual(Playlist.Length(music),0)]</visible>
		</control>
	</include>
	<include name="ScrollOffsetLabel">
		<control type="group">
			<depth>DepthSideBlade</depth>
			<visible>Container.Scrolling + [String.IsEqual(Container.SortMethod,$LOCALIZE[551]) | String.IsEqual(Container.SortMethod,$LOCALIZE[561]) | String.IsEqual(Container.SortMethod,$LOCALIZE[558]) | String.IsEqual(Container.SortMethod,$LOCALIZE[557]) | String.IsEqual(Container.SortMethod,$LOCALIZE[556])]</visible>
			<animation effect="slide" start="0,0" end="0,-90" time="75">Visible</animation>
			<animation effect="slide" start="0,-90" end="0,0" delay="300" time="75">Hidden</animation>
			<left>450r</left>
			<top>1080</top>
			<control type="image">
				<left>0</left>
				<top>0</top>
				<width>105</width>
				<height>98</height>
				<texture border="30,30,30,3">InfoMessagePanel.png</texture>
			</control>
			<control type="label">
				<left>8</left>
				<top>0</top>
				<width>98</width>
				<height>90</height>
				<align>center</align>
				<aligny>center</aligny>
				<label>$INFO[ListItem.SortLetter]</label>
				<textcolor>white</textcolor>
				<font>font30_title</font>
			</control>
		</control>
	</include>
	<include name="Clock">
		<control type="label">
			<description>time label</description>
			<right>30</right>
			<top>8</top>
			<width>300</width>
			<height>45</height>
			<align>right</align>
			<aligny>center</aligny>
			<font>font28_title</font>
			<textcolor>white</textcolor>
			<shadowcolor>black</shadowcolor>
			<label>$INFO[System.Time]</label>
			<animation effect="slide" start="0,0" end="-60,0" time="75" condition="Player.Muted">conditional</animation>
		</control>
	</include>
	<include name="HomeAddonsCommonLayout">
		<include>Window_OpenClose_Animation</include>
		<animation effect="slide" end="0,-727" time="320" tween="cubic" easing="inout" condition="Skin.String(MainMenuPosition,$LOCALIZE[391])">Conditional</animation>
		<animation effect="slide" end="0,-608" time="320" tween="cubic" easing="inout" condition="Skin.String(MainMenuPosition,$LOCALIZE[393])">Conditional</animation>
		<animation type="Visible">
			<effect type="slide" start="0,45" end="0,0" delay="150" easing="out" tween="quadratic" time="150" />
			<effect type="fade" start="0" end="100" delay="150" time="150" />
		</animation>
		<animation type="Hidden">
			<effect type="zoom" start="100" end="70" center="auto" easing="in" tween="quadratic" time="225" />
			<effect type="fade" start="100" end="0" time="225" />
		</animation>
		<hitrect x="0" y="1295" w="1920" h="220" />
		<left>0</left>
		<top>285r</top>
		<width>1920</width>
		<height>300</height>
		<pagecontrol>-</pagecontrol>
		<scrolltime>300</scrolltime>
		<focusposition>3</focusposition>
		<movement>7</movement>
		<orientation>Horizontal</orientation>
		<itemlayout height="300" width="273">
			<control type="image">
				<animation effect="slide" end="0,30" time="0" tween="cubic" easing="inout" condition="Skin.String(MainMenuPosition,$LOCALIZE[391]) | Skin.String(MainMenuPosition,$LOCALIZE[393])">Conditional</animation>
				<left>0</left>
				<top>0</top>
				<width>270</width>
				<height>180</height>
				<aspectratio aligny="bottom">keep</aspectratio>
				<bordertexture border="8" colordiffuse="theme">button-nofocus.png</bordertexture>
				<bordersize>4</bordersize>
				<texture background="true">$INFO[ListItem.Icon]</texture>
			</control>
			<control type="image">
				<visible>!Skin.String(MainMenuPosition) | Skin.String(MainMenuPosition,$LOCALIZE[571])</visible>
				<left>8</left>
				<top>180</top>
				<width>255</width>
				<height>165</height>
				<aspectratio aligny="top">keep</aspectratio>
				<texture diffuse="diffuse_mirror2.png" flipy="true" background="true">$INFO[ListItem.Icon]</texture>
			</control>
			<control type="image">
				<visible>Skin.String(MainMenuPosition,$LOCALIZE[391])</visible>
				<left>8</left>
				<top>-135</top>
				<width>255</width>
				<height>165</height>
				<aspectratio aligny="bottom">keep</aspectratio>
				<texture diffuse="diffuse_mirror4.png" flipy="true" background="true">$INFO[ListItem.Icon]</texture>
			</control>
			<control type="label">
				<animation effect="slide" end="0,-195" time="320" tween="cubic" easing="inout" condition="Skin.String(MainMenuPosition,$LOCALIZE[391]) | Skin.String(MainMenuPosition,$LOCALIZE[393])">Conditional</animation>
				<left>1</left>
				<top>188</top>
				<width>270</width>
				<height>30</height>
				<font>font12</font>
				<textcolor>grey2</textcolor>
				<align>center</align>
				<aligny>center</aligny>
				<label>$INFO[ListItem.Label]</label>
			</control>
		</itemlayout>
		<focusedlayout height="300" width="273">
			<control type="image">
				<animation effect="slide" end="0,30" time="0" tween="cubic" easing="inout" condition="Skin.String(MainMenuPosition,$LOCALIZE[391]) | Skin.String(MainMenuPosition,$LOCALIZE[393])">Conditional</animation>
				<left>0</left>
				<top>0</top>
				<width>270</width>
				<height>180</height>
				<aspectratio aligny="bottom">keep</aspectratio>
				<bordertexture border="8" colordiffuse="theme">button-nofocus.png</bordertexture>
				<bordersize>4</bordersize>
				<texture background="true">$INFO[ListItem.Icon]</texture>
				<visible>!ControlGroup(9002).HasFocus</visible>
			</control>
			<control type="image">
				<animation effect="slide" end="0,30" time="0" tween="cubic" easing="inout" condition="Skin.String(MainMenuPosition,$LOCALIZE[391]) | Skin.String(MainMenuPosition,$LOCALIZE[393])">Conditional</animation>
				<left>0</left>
				<top>0</top>
				<width>270</width>
				<height>180</height>
				<aspectratio aligny="bottom">keep</aspectratio>
				<bordertexture border="8" colordiffuse="theme">folder-focus.png</bordertexture>
				<bordersize>4</bordersize>
				<texture background="true">$INFO[ListItem.Icon]</texture>
				<visible>ControlGroup(9002).HasFocus</visible>
			</control>
			<control type="image">
				<visible>!Skin.String(MainMenuPosition) | Skin.String(MainMenuPosition,$LOCALIZE[571])</visible>
				<left>8</left>
				<top>180</top>
				<width>255</width>
				<height>165</height>
				<aspectratio aligny="top">keep</aspectratio>
				<texture diffuse="diffuse_mirror2.png" flipy="true" background="true">$INFO[ListItem.Icon]</texture>
			</control>
			<control type="image">
				<visible>Skin.String(MainMenuPosition,$LOCALIZE[391])</visible>
				<left>8</left>
				<top>-135</top>
				<width>255</width>
				<height>165</height>
				<aspectratio aligny="bottom">keep</aspectratio>
				<texture diffuse="diffuse_mirror4.png" flipy="true" background="true">$INFO[ListItem.Icon]</texture>
			</control>
			<control type="label">
				<animation effect="slide" end="0,-195" time="0" tween="cubic" easing="inout" condition="Skin.String(MainMenuPosition,$LOCALIZE[391]) | Skin.String(MainMenuPosition,$LOCALIZE[393])">Conditional</animation>
				<left>1</left>
				<top>188</top>
				<width>270</width>
				<height>30</height>
				<font>font12</font>
				<textcolor>white</textcolor>
				<align>center</align>
				<aligny>center</aligny>
				<label>$INFO[ListItem.Label]</label>
				<visible>ControlGroup(9002).HasFocus</visible>
			</control>
			<control type="label">
				<animation effect="slide" end="0,-195" time="0" tween="cubic" easing="inout" condition="Skin.String(MainMenuPosition,$LOCALIZE[391]) | Skin.String(MainMenuPosition,$LOCALIZE[393])">Conditional</animation>
				<left>1</left>
				<top>188</top>
				<width>270</width>
				<height>30</height>
				<font>font12</font>
				<textcolor>grey2</textcolor>
				<align>center</align>
				<aligny>center</aligny>
				<label>$INFO[ListItem.Label]</label>
				<visible>!ControlGroup(9002).HasFocus</visible>
			</control>
		</focusedlayout>
	</include>
	<include name="TVNextAiredListCommonLayout">
		<itemlayout height="225" width="420">
			<control type="image">
				<left>0</left>
				<top>0</top>
				<width>420</width>
				<height>218</height>
				<texture border="15" colordiffuse="theme">button-nofocus.png</texture>
			</control>
			<control type="image">
				<description>Thumb</description>
				<left>8</left>
				<top>8</top>
				<width>405</width>
				<height>82</height>
				<aspectratio>keep</aspectratio>
				<texture background="true">$INFO[ListItem.Property(Art(poster))]</texture>
				<visible>String.IsEqual(Window(Home).Property(TVGuide.ThumbType),0)</visible>
			</control>
			<control type="image">
				<description>Banner</description>
				<left>8</left>
				<top>8</top>
				<width>405</width>
				<height>82</height>
				<aspectratio>keep</aspectratio>
				<texture background="true">$INFO[ListItem.Property(Art(banner))]</texture>
				<visible>String.IsEqual(Window(Home).Property(TVGuide.ThumbType),1)</visible>
			</control>
			<control type="image">
				<description>Logo</description>
				<left>8</left>
				<top>8</top>
				<width>405</width>
				<height>82</height>
				<aspectratio>keep</aspectratio>
				<texture background="true">$INFO[ListItem.Property(Path),,logo.png]</texture>
				<visible>String.IsEqual(Window(Home).Property(TVGuide.ThumbType),2)</visible>
			</control>
			<control type="label">
				<description>Episode Number</description>
				<left>15</left>
				<top>90</top>
				<width>390</width>
				<height>22</height>
				<label>$INFO[ListItem.Property(NextNumber),$LOCALIZE[20359] [COLOR=theme]-[/COLOR] ]</label>
				<textcolor>white</textcolor>
				<font>font12</font>
				<align>center</align>
			</control>
			<control type="label">
				<description>Episode Name</description>
				<left>15</left>
				<top>120</top>
				<width>390</width>
				<height>22</height>
				<label>$INFO[ListItem.Property(NextTitle)]</label>
				<textcolor>white</textcolor>
				<font>font12</font>
				<align>center</align>
			</control>
			<control type="label">
				<description>Next air date/time</description>
				<left>15</left>
				<top>150</top>
				<width>390</width>
				<height>22</height>
				<label>$INFO[ListItem.Property(ShortTime)]$INFO[ListItem.Property(NextDate), [COLOR=theme]-[/COLOR] ]</label>
				<textcolor>grey2</textcolor>
				<font>font12</font>
				<align>center</align>
			</control>
			<control type="label">
				<description>Duration</description>
				<left>15</left>
				<top>180</top>
				<width>390</width>
				<height>22</height>
				<label>$INFO[ListItem.Property(Runtime),, $LOCALIZE[12391]]$INFO[ListItem.Property(Network), [COLOR=theme]-[/COLOR] (,)]</label>
				<textcolor>grey2</textcolor>
				<font>font12</font>
				<align>center</align>
			</control>
		</itemlayout>
		<focusedlayout height="225" width="420">
			<control type="image">
				<left>0</left>
				<top>0</top>
				<width>420</width>
				<height>218</height>
				<texture border="15" colordiffuse="theme">button-focus2.png</texture>
			</control>
			<control type="image">
				<description>Thumb</description>
				<left>8</left>
				<top>8</top>
				<width>405</width>
				<height>82</height>
				<aspectratio>keep</aspectratio>
				<texture background="true">$INFO[ListItem.Property(Art(poster))]</texture>
				<visible>String.IsEqual(Window(Home).Property(TVGuide.ThumbType),0)</visible>
			</control>
			<control type="image">
				<description>Banner</description>
				<left>8</left>
				<top>8</top>
				<width>405</width>
				<height>82</height>
				<aspectratio>keep</aspectratio>
				<texture background="true">$INFO[ListItem.Property(Art(banner))]</texture>
				<visible>String.IsEqual(Window(Home).Property(TVGuide.ThumbType),1)</visible>
			</control>
			<control type="image">
				<description>Logo</description>
				<left>8</left>
				<top>8</top>
				<width>405</width>
				<height>82</height>
				<aspectratio>keep</aspectratio>
				<texture background="true">$INFO[ListItem.Property(Path),,logo.png]</texture>
				<visible>String.IsEqual(Window(Home).Property(TVGuide.ThumbType),2)</visible>
			</control>
			<control type="label">
				<description>Episode Number</description>
				<left>15</left>
				<top>90</top>
				<width>390</width>
				<height>22</height>
				<label>$INFO[ListItem.Property(NextNumber),$LOCALIZE[20359] [COLOR=theme]-[/COLOR] ]</label>
				<textcolor>selected</textcolor>
				<font>font12</font>
				<align>center</align>
			</control>
			<control type="label">
				<description>Episode Name</description>
				<left>15</left>
				<top>120</top>
				<width>390</width>
				<height>22</height>
				<label>$INFO[ListItem.Property(NextTitle)]</label>
				<textcolor>selected</textcolor>
				<font>font12</font>
				<align>center</align>
			</control>
			<control type="label">
				<description>Next air date/time</description>
				<left>15</left>
				<top>150</top>
				<width>390</width>
				<height>22</height>
				<label>$INFO[ListItem.Property(ShortTime)]$INFO[ListItem.Property(NextDate), [COLOR=theme]-[/COLOR] ]</label>
				<textcolor>white</textcolor>
				<font>font12</font>
				<align>center</align>
			</control>
			<control type="label">
				<description>Duration</description>
				<left>15</left>
				<top>180</top>
				<width>390</width>
				<height>22</height>
				<label>$INFO[ListItem.Property(Runtime),, $LOCALIZE[12391]]$INFO[ListItem.Property(Network), [COLOR=theme]-[/COLOR] (,)]</label>
				<textcolor>white</textcolor>
				<font>font12</font>
				<align>center</align>
			</control>
		</focusedlayout>
	</include>
	<include name="backgroundfade">
		<animation effect="fade" time="450">Visible</animation>
		<animation effect="fade" time="450">Hidden</animation>
	</include>
	<include name="Window_OpenClose_Animation">
		<animation effect="fade" time="200">WindowOpen</animation>
		<animation effect="fade" time="200">WindowClose</animation>
	</include>
	<include name="dialogeffect">
		<depth>DepthDialog</depth>
		<animation effect="fade" time="200">WindowOpen</animation>
		<animation effect="fade" time="200">WindowClose</animation>
	</include>
	<include name="VisibleFadeEffect">
		<animation effect="fade" time="225">Visible</animation>
		<animation effect="fade" time="225">Hidden</animation>
	</include>
	<include name="KeyboardButton">
		<width>75</width>
		<height>75</height>
		<texturenofocus border="4" colordiffuse="theme">KeyboardKeyNF.png</texturenofocus>
		<texturefocus border="8" colordiffuse="theme">KeyboardKey.png</texturefocus>
		<align>center</align>
		<aligny>center</aligny>
		<font>font13</font>
		<focusedcolor>black</focusedcolor>
	</include>
	<include name="CommonWindowHeader">
		<param name="Icon" default="icon_home" />
		<param name="Label" default="" />
		<param name="ShowLabel2" default="False" />
		<definition>
			<control type="group">
				<depth>DepthHeader</depth>
				<control type="image">
					<description>Section header image</description>
					<left>30</left>
					<top>4</top>
					<width>52</width>
					<height>52</height>
					<aspectratio>keep</aspectratio>
					<texture>$PARAM[Icon].png</texture>
				</control>
				<control type="grouplist">
					<left>98</left>
					<top>8</top>
					<width>1500</width>
					<height>45</height>
					<orientation>horizontal</orientation>
					<align>left</align>
					<itemgap>8</itemgap>
					<control type="label">
						<include>WindowTitleCommons</include>
						<label>$PARAM[Label]</label>
					</control>
					<control type="label">
						<include>WindowTitleCommons</include>
						<label>[COLOR=theme] - [/COLOR]$INFO[Container.FolderName]</label>
						<visible>!String.IsEmpty(Container.FolderName)</visible>
					</control>
					<control type="label">
						<include>WindowTitleCommons</include>
						<label>[COLOR=theme] - [/COLOR]$INFO[Control.GetLabel(2)]</label>
						<visible>$PARAM[ShowLabel2]</visible>
					</control>
				</control>
				<include>Clock</include>
			</control>
		</definition>
	</include>
	<include name="BackgroundDimensions">
		<width>1920</width>
		<height>1080</height>
		<animation effect="zoom" center="auto" end="101,101" time="0" condition="Integer.IsGreater(System.StereoscopicMode,0)">conditional</animation>
	</include>
	<include name="MusicInfoArtistInfo">
		<item>
			<label>$LOCALIZE[21893]:</label>
			<label2>$INFO[ListItem.Property(Artist_Born)]</label2>
			<onclick>noop</onclick>
			<visible>!String.IsEmpty(ListItem.Property(Artist_Born))</visible>
		</item>
		<item>
			<label>$LOCALIZE[21894]:</label>
			<label2>$INFO[ListItem.Property(Artist_Formed)]</label2>
			<onclick>noop</onclick>
			<visible>!String.IsEmpty(ListItem.Property(Artist_Formed))</visible>
		</item>
		<item>
			<label>$LOCALIZE[515]:</label>
			<label2>$INFO[ListItem.Genre]</label2>
			<onclick>noop</onclick>
			<visible>!String.IsEmpty(ListItem.Genre)</visible>
		</item>
		<item>
			<label>$LOCALIZE[175]:</label>
			<label2>$INFO[ListItem.Property(Artist_Mood)]</label2>
			<onclick>noop</onclick>
			<visible>!String.IsEmpty(ListItem.Property(Artist_Mood))</visible>
		</item>
		<item>
			<label>$LOCALIZE[176]:</label>
			<label2>$INFO[ListItem.Property(Artist_Style)]</label2>
			<onclick>noop</onclick>
			<visible>!String.IsEmpty(ListItem.Property(Artist_Style))</visible>
		</item>
		<item>
			<label>$LOCALIZE[21892]:</label>
			<label2>$INFO[ListItem.Property(Artist_Instrument)]</label2>
			<onclick>noop</onclick>
			<visible>!String.IsEmpty(ListItem.Property(Artist_Instrument))</visible>
		</item>
		<item>
			<label>$LOCALIZE[21897]:</label>
			<label2>$INFO[ListItem.Property(Artist_Died)]</label2>
			<onclick>noop</onclick>
			<visible>!String.IsEmpty(ListItem.Property(Artist_Died))</visible>
		</item>
		<item>
			<label>$LOCALIZE[21896]:</label>
			<label2>$INFO[ListItem.Property(Artist_Disbanded)]</label2>
			<onclick>noop</onclick>
			<visible>!String.IsEmpty(ListItem.Property(Artist_Disbanded))</visible>
		</item>
		<item>
			<label>$LOCALIZE[21898]:</label>
			<label2>$INFO[ListItem.Property(Artist_YearsActive)]</label2>
			<onclick>noop</onclick>
			<visible>!String.IsEmpty(ListItem.Property(Artist_YearsActive))</visible>
		</item>
	</include>
	<include name="MusicInfoAlbumInfo">
		<item>
			<label>$LOCALIZE[557]:</label>
			<label2>$INFO[ListItem.Artist]</label2>
			<onclick>noop</onclick>
			<visible>!String.IsEmpty(ListItem.Artist)</visible>
		</item>
		<item>
			<label>$LOCALIZE[515]:</label>
			<label2>$INFO[ListItem.Genre]</label2>
			<onclick>noop</onclick>
			<visible>!String.IsEmpty(ListItem.Genre)</visible>
		</item>
		<item>
			<label>$LOCALIZE[563]:</label>
			<label2>$INFO[ListItem.RatingAndVotes]</label2>
			<onclick>noop</onclick>
			<visible>!String.IsEmpty(ListItem.RatingAndVotes)</visible>
		</item>
		<item>
			<label>$LOCALIZE[38018]:</label>
			<label2>$INFO[ListItem.Userrating]</label2>
			<onclick>noop</onclick>
			<visible>!String.IsEmpty(ListItem.Userrating)</visible>
		</item>
		<item>
			<label>$LOCALIZE[175]:</label>
			<label2>$INFO[ListItem.Property(Album_Mood)]</label2>
			<onclick>noop</onclick>
			<visible>!String.IsEmpty(ListItem.Property(Album_Mood))</visible>
		</item>
		<item>
			<label>$LOCALIZE[176]:</label>
			<label2>$INFO[ListItem.Property(Album_Style)]</label2>
			<onclick>noop</onclick>
			<visible>!String.IsEmpty(ListItem.Property(Album_Style))</visible>
		</item>
		<item>
			<label>$LOCALIZE[21895]:</label>
			<label2>$INFO[ListItem.Property(Album_Theme)]</label2>
			<onclick>noop</onclick>
			<visible>!String.IsEmpty(ListItem.Property(Album_Theme))</visible>
		</item>
		<item>
			<label>146</label>
			<label2>$INFO[ListItem.Property(Album_Type)]</label2>
			<onclick>noop</onclick>
			<visible>!String.IsEmpty(ListItem.Property(Album_Type))</visible>
		</item>
		<item>
			<label>$LOCALIZE[21899]:</label>
			<label2>$INFO[ListItem.Property(Album_Label)]</label2>
			<onclick>noop</onclick>
			<visible>!String.IsEmpty(ListItem.Property(Album_Label))</visible>
		</item>
		<item>
			<label>$LOCALIZE[562]:</label>
			<label2>$INFO[ListItem.Year]</label2>
			<onclick>noop</onclick>
			<visible>!String.IsEmpty(ListItem.Year)</visible>
		</item>
	</include>
	<include name="MusicInfoSongInfo">
		<item>
			<label>$LOCALIZE[557]:</label>
			<label2>$INFO[ListItem.Artist]</label2>
			<onclick>noop</onclick>
			<visible>!String.IsEmpty(ListItem.Artist)</visible>
		</item>
		<item>
			<label>$LOCALIZE[558]:</label>
			<label2>$INFO[ListItem.Album]$INFO[listitem.discnumber, - $LOCALIZE[427] ]</label2>
			<onclick>noop</onclick>
			<visible>!String.IsEmpty(ListItem.Album)</visible>
		</item>
		<item>
			<label>$LOCALIZE[515]:</label>
			<label2>$INFO[ListItem.Genre]</label2>
			<onclick>noop</onclick>
			<visible>!String.IsEmpty(ListItem.Genre)</visible>
		</item>
		<item>
			<label>$LOCALIZE[175]:</label>
			<label2>$INFO[ListItem.Mood]</label2>
			<onclick>noop</onclick>
			<visible>!String.IsEmpty(ListItem.Mood)</visible>
		</item>
		<item>
			<label>$LOCALIZE[562]:</label>
			<label2>$INFO[ListItem.Year]</label2>
			<onclick>noop</onclick>
			<visible>!String.IsEmpty(ListItem.Year)</visible>
		</item>
		<item>
			<label>$LOCALIZE[554]:</label>
			<label2>$INFO[ListItem.TrackNumber]</label2>
			<onclick>noop</onclick>
			<visible>!String.IsEmpty(ListItem.TrackNumber)</visible>
		</item>
		<item>
			<label>$LOCALIZE[563]:</label>
			<label2>$INFO[ListItem.RatingAndVotes]</label2>
			<onclick>noop</onclick>
			<visible>!String.IsEmpty(ListItem.RatingAndVotes)</visible>
		</item>
		<item>
			<label>$LOCALIZE[38018]:</label>
			<label2>$INFO[ListItem.Userrating]</label2>
			<onclick>noop</onclick>
			<visible>!String.IsEmpty(ListItem.Userrating)</visible>
		</item>
		<item>
			<label>$LOCALIZE[29903]:</label>
			<label2>$INFO[ListItem.Property(Role.Composer)]</label2>
			<onclick>noop</onclick>
			<visible>!String.IsEmpty(ListItem.Property(Role.Composer))</visible>
		</item>
		<item>
			<label>$LOCALIZE[29905]:</label>
			<label2>$INFO[ListItem.Property(Role.Conductor)]</label2>
			<onclick>noop</onclick>
			<visible>!String.IsEmpty(ListItem.Property(Role.Conductor))</visible>
		</item>
		<item>
			<label>$LOCALIZE[38034]:</label>
			<label2>$INFO[ListItem.Property(Role.Orchestra)]</label2>
			<onclick>noop</onclick>
			<visible>!String.IsEmpty(ListItem.Property(Role.Orchestra))</visible>
		</item>
		<item>
			<label>$LOCALIZE[38035]:</label>
			<label2>$INFO[ListItem.Property(Role.Lyricist)]</label2>
			<onclick>noop</onclick>
			<visible>!String.IsEmpty(ListItem.Property(Role.Lyricist))</visible>
		</item>
		<item>
			<label>$LOCALIZE[38036]:</label>
			<label2>$INFO[ListItem.Property(Role.Remixer)]</label2>
			<onclick>noop</onclick>
			<visible>!String.IsEmpty(ListItem.Property(Role.Remixer))</visible>
		</item>
		<item>
			<label>$LOCALIZE[38037]:</label>
			<label2>$INFO[ListItem.Property(Role.Arranger)]</label2>
			<onclick>noop</onclick>
			<visible>!String.IsEmpty(ListItem.Property(Role.Arranger))</visible>
		</item>
		<item>
			<label>$LOCALIZE[38038]:</label>
			<label2>$INFO[ListItem.Property(Role.Engineer)]</label2>
			<onclick>noop</onclick>
			<visible>!String.IsEmpty(ListItem.Property(Role.Engineer))</visible>
		</item>
		<item>
			<label>$LOCALIZE[38039]:</label>
			<label2>$INFO[ListItem.Property(Role.Producer)]</label2>
			<onclick>noop</onclick>
			<visible>!String.IsEmpty(ListItem.Property(Role.Producer))</visible>
		</item>
		<item>
			<label>$LOCALIZE[38040]:</label>
			<label2>$INFO[ListItem.Property(Role.DJMixer)]</label2>
			<onclick>noop</onclick>
			<visible>!String.IsEmpty(ListItem.Property(Role.DJMixer))</visible>
		</item>
		<item>
			<label>$LOCALIZE[38041]:</label>
			<label2>$INFO[ListItem.Property(Role.Mixer)]</label2>
			<onclick>noop</onclick>
			<visible>!String.IsEmpty(ListItem.Property(Role.Mixer))</visible>
		</item>
	</include>
	<include name="InfoList">
		<param name="item_label">[COLOR theme]$INFO[ListItem.Year][/COLOR] - $INFO[ListItem.Label]</param>
		<param name="path">$VAR[InfoListPathVar]</param>
		<param name="item_height">45</param>
		<param name="bottom">80</param>
		<param name="width">600</param>
		<param name="list_id">5000</param>
		<param name="font">font13</param>
		<param name="sortby"></param>
		<param name="sortorder">ascending</param>
		<param name="visible">true</param>
		<definition>
			<control type="panel" id="$PARAM[list_id]">
				<top>0</top>
				<width>$PARAM[width]</width>
				<bottom>$PARAM[bottom]</bottom>
				<orientation>vertical</orientation>
				<visible>$PARAM[visible]</visible>
				<focusedlayout height="$PARAM[item_height]" width="$PARAM[width]">
					<control type="label">
						<left>0</left>
						<height>$PARAM[item_height]</height>
						<width>$PARAM[width]</width>
						<align>left</align>
						<aligny>center</aligny>
						<label>$PARAM[item_label]</label>
						<shadowcolor>black</shadowcolor>
						<font>$PARAM[font]</font>
					</control>
				</focusedlayout>
				<itemlayout height="$PARAM[item_height]" width="$PARAM[width]">
					<control type="label">
						<left>0</left>
						<height>$PARAM[item_height]</height>
						<width>$PARAM[width]</width>
						<align>left</align>
						<aligny>center</aligny>
						<label>$PARAM[item_label]</label>
						<shadowcolor>black</shadowcolor>
						<font>$PARAM[font]</font>
					</control>
				</itemlayout>
				<content sortby="$PARAM[sortby]" sortorder="$PARAM[sortorder]">$PARAM[path]</content>
			</control>
		</definition>
	</include>
	<include name="InfoList2">
		<param name="item_label">$INFO[ListItem.Label]</param>
		<param name="path">$VAR[InfoListPathVar]</param>
		<param name="item_height">45</param>
		<param name="bottom">100</param>
		<param name="width">600</param>
		<param name="list_id">5000</param>
		<param name="font">font13</param>
		<param name="sortby"></param>
		<param name="sortorder">ascending</param>
		<param name="visible">true</param>
		<definition>
			<control type="panel" id="$PARAM[list_id]">
				<top>0</top>
				<width>$PARAM[width]</width>
				<bottom>$PARAM[bottom]</bottom>
				<orientation>vertical</orientation>
				<visible>$PARAM[visible]</visible>
				<focusedlayout height="$PARAM[item_height]" width="$PARAM[width]">
					<control type="label">
						<left>0</left>
						<height>$PARAM[item_height]</height>
						<width>$PARAM[width]</width>
						<align>left</align>
						<aligny>center</aligny>
						<label>$PARAM[item_label]</label>
						<shadowcolor>black</shadowcolor>
						<font>$PARAM[font]</font>
					</control>
				</focusedlayout>
				<itemlayout height="$PARAM[item_height]" width="$PARAM[width]">
					<control type="label">
						<left>0</left>
						<height>$PARAM[item_height]</height>
						<width>$PARAM[width]</width>
						<align>left</align>
						<aligny>center</aligny>
						<label>$PARAM[item_label]</label>
						<shadowcolor>black</shadowcolor>
						<font>$PARAM[font]</font>
					</control>
				</itemlayout>
				<content sortby="$PARAM[sortby]" sortorder="$PARAM[sortorder]">$PARAM[path]</content>
			</control>
		</definition>
	</include>
	<include name="InfoPanel2">
		<param name="path">$VAR[InfoListPathVar]</param>
		<param name="panel_height">360</param>
		<param name="panel_width">1200</param>
		<param name="image_height">180</param>
		<param name="item_height">225</param>
		<param name="bottom">100</param>
		<param name="width">600</param>
		<param name="list_id">5000</param>
		<param name="font">font13</param>
		<param name="orientation">horizontal</param>
		<param name="sortby"></param>
		<param name="sortorder">ascending</param>
		<param name="visible">true</param>
		<definition>
			<control type="panel" id="$PARAM[list_id]">
				<top>0</top>
				<heigth>$PARAM[panel_heigth]</heigth>
				<width>$PARAM[panel_width]</width>
				<bottom>$PARAM[panel_bottom]</bottom>
				<orientation>$PARAM[orientation]</orientation>
				<visible>$PARAM[visible]</visible>
				<focusedlayout height="$PARAM[item_height]" width="$PARAM[width]">
					<control type="image">
						<left>3</left>
						<top>0</top>
						<width>120</width>
						<height>$PARAM[image_height]</height>
						<aspectratio>scale</aspectratio>
						<bordertexture border="8" colordiffuse="theme">button-nofocus.png</bordertexture>
						<bordersize>6</bordersize>
						<fadetime>200</fadetime>
						<texture background="true">$VAR[PosterThumb]</texture>
					</control>
					<control type="label">
						<top>0</top>
						<left>150</left>
						<height>$PARAM[item_height]</height>
						<width>$PARAM[width]</width>
						<align>left</align>
						<aligny>top</aligny>
						<label>$INFO[ListItem.Label]</label>
						<shadowcolor>black</shadowcolor>
						<font>$PARAM[font]</font>
					</control>
					<control type="label">
						<top>45</top>
						<left>150</left>
						<height>$PARAM[item_height]</height>
						<width>$PARAM[width]</width>
						<align>left</align>
						<aligny>top</aligny>
						<label>$INFO[ListItem.Plot]</label>
						<shadowcolor>black</shadowcolor>
						<font>$PARAM[font]</font>
					</control>
				</focusedlayout>
				<itemlayout height="$PARAM[item_height]" width="$PARAM[width]">
					<control type="image">
						<left>3</left>
						<top>0</top>
						<width>120</width>
						<height>$PARAM[image_height]</height>
						<aspectratio>scale</aspectratio>
						<bordertexture border="8" colordiffuse="theme">button-nofocus.png</bordertexture>
						<bordersize>6</bordersize>
						<fadetime>200</fadetime>
						<texture background="true">$VAR[PosterThumb]</texture>
					</control>
					<control type="label">
						<top>0</top>
						<left>150</left>
						<height>45]</height>
						<width>$PARAM[width]</width>
						<align>left</align>
						<aligny>top</aligny>
						<label>$INFO[ListItem.Label]</label>
						<shadowcolor>black</shadowcolor>
						<font>$PARAM[font]</font>
					</control>
					<control type="textbox">
						<description>Plot</description>
						<left>150</left>
						<top>45</top>
						<width>500</width>
						<height>145</height>
						<font>font13</font>
						<align>justify</align>
						<textcolor>white</textcolor>
						<label>$INFO[ListItem.Plot]</label>
						<autoscroll time="2000" delay="3000" repeat="5000">Skin.HasSetting(AutoScroll)</autoscroll>
					</control>
				</itemlayout>
				<content sortby="$PARAM[sortby]" sortorder="$PARAM[sortorder]">$PARAM[path]</content>
			</control>
		</definition>
	</include>
	<include name="InfoPanel">
		<param name="path">$VAR[InfoListPathVar]</param>
		<definition>
			<control type="panel" id="$PARAM[list_id]">
				<top>-20</top>
				<heigth>565</heigth>
				<width>1260</width>
				<bottom>200</bottom>
				<orientation>horizontal</orientation>
				<focusedlayout height="280" width="600">
				</focusedlayout>
				<itemlayout height="280" width="600">
					<control type="image">
						<left>0</left>
						<top>0</top>
						<height>240</height>
						<width>160</width>
						<aspectratio>keep</aspectratio>
						<bordertexture border="8" colordiffuse="theme">button-nofocus.png</bordertexture>
						<bordersize>6</bordersize>
						<fadetime>200</fadetime>
						<texture background="true">$VAR[PosterThumb]</texture>
					</control>
					<control type="label">
						<top>0</top>
						<left>160</left>
						<height>45</height>
						<width>440</width>
						<align>left</align>
						<aligny>top</aligny>
						<label>[COLOR theme]$INFO[ListItem.Year][/COLOR] - $INFO[ListItem.Label]</label>
						<shadowcolor>black</shadowcolor>
						<font>font13</font>
					</control>
					<control type="label">
						<top>45</top>
						<left>160</left>
						<height>45</height>
						<width>440</width>
						<align>left</align>
						<aligny>top</aligny>
						<label>$INFO[ListItem.Duration,, $LOCALIZE[12391]] - $INFO[ListItem.RatingAndVotes]</label>
						<shadowcolor>black</shadowcolor>
						<font>font13</font>
					</control>
					<control type="label">
						<top>90</top>
						<left>160</left>
						<height>45</height>
						<width>440</width>
						<align>left</align>
						<aligny>top</aligny>
						<label>$INFO[ListItem.Genre]</label>
						<shadowcolor>black</shadowcolor>
						<font>font13</font>
					</control>
					<control type="textbox">
						<description>Plot</description>
						<left>160</left>
						<top>135</top>
						<width>440</width>
						<height>115</height>
						<font>font13</font>
						<align>justify</align>
						<textcolor>white</textcolor>
						<label>$INFO[ListItem.Plot]</label>
						<autoscroll time="2000" delay="3000" repeat="5000">Skin.HasSetting(AutoScroll)</autoscroll>
					</control>
				</itemlayout>
				<content sortby="$PARAM[sortby]" sortorder="$PARAM[sortorder]">$PARAM[path]</content>
			</control>
		</definition>
	</include>
	<include name="SubMenuNodes">
		<control type="list" id="$PARAM[id]">
			<width>1</width>
			<height>1</height>
			<itemlayout height="1" width="1"></itemlayout>
			<content target="files" limit="$PARAM[items]" sortby="$PARAM[sortby]" sortorder="$PARAM[sortorder]">$PARAM[path]</content>
		</control>
	</include>
	<include name="ProfileList">
		<control type="list" id="$PARAM[id]">
			<itemlayout height="1" width="1"></itemlayout>
			<content target="files" limit="$PARAM[items]" sortby="$PARAM[sortby]" sortorder="$PARAM[sortorder]">$PARAM[path]</content>
		</control>
	</include>
	<include name="AutoComplete">
		<control type="group" id="5000">
			<visible>!String.IsEmpty(Control.GetLabel(312).index(1)) + !Control.IsVisible(313)</visible>
			<top>623</top>
			<left>0</left>
			<width>1299</width>
			<height>180</height>
			<texture>DialogBack.png</texture>
			<control type="panel" id="9010">
				<left>4</left>
				<top>24</top>
				<width>1299</width>
				<height>180</height>
				<onleft>9010</onleft>
				<onright>9010</onright>
				<onup>300</onup>
				<ondown>309</ondown>
				<onback>noop</onback>
				<orientation>vertical</orientation>
				<scrolltime tween="quadratic" easing="out">200</scrolltime>
				<itemlayout height="60" width="432">
					<control type="image">
						<top>5</top>
						<width>417</width>
						<height>45</height>
						<texture border="4" colordiffuse="theme">KeyboardKeyNF.png</texture>
					</control>
					<control type="label">
						<left>5</left>
						<top>5</top>
						<width>402</width>
						<height>45</height>
						<align>center</align>
						<textcolor>grey</textcolor>
						<textoffsetx>0</textoffsetx>
						<font>Regular19</font>
						<label>$INFO[ListItem.Label]</label>
					</control>
				</itemlayout>
				<focusedlayout height="60" width="432">
					<control type="image">
						<top>5</top>
						<width>417</width>
						<height>45</height>
						<texture border="4" colordiffuse="theme">KeyboardKey.png</texture>
					</control>
					<control type="label">
						<left>5</left>
						<top>5</top>
						<width>402</width>
						<height>45</height>
						<align>center</align>
						<textoffsetx>0</textoffsetx>
						<font>Regular19</font>
						<textcolor>black</textcolor>
						<label>$INFO[ListItem.Label]</label>
					</control>
				</focusedlayout>
				<content>plugin://plugin.program.autocompletion?info=autocomplete&amp;&amp;id=$INFO[Control.GetLabel(312).index(1)]&amp;&amp;limit=9</content>
			</control>
		</control>
	</include>
	<include name="DatabaseEdit">
		<control type="button" id="997">
			<label>$LOCALIZE[21450] [LOWERCASE]$LOCALIZE[15101][/LOWERCASE]</label>
			<description>Edit database button</description>
			<left>-</left>
			<top>-</top>
			<width>450</width>
			<height>57</height>
			<font>fontContextMenu</font>
			<align>center</align>
			<textcolor>grey2</textcolor>
			<focusedcolor>white</focusedcolor>
			<texturefocus border="8" colordiffuse="theme">button-focus.png</texturefocus>
			<onclick>RunScript(script.libraryeditor,DBID=$INFO[ListItem.DBID])</onclick>
			<visible>System.HasAddon(script.libraryeditor) + !Skin.HasSetting(DisableDatabaseEdit) + !String.IsEmpty(ListItem.DBID) + !Container.Content(Seasons)</visible>
		</control>
	</include>
	<include name="ArtworkDownload">
		<control type="button" id="998">
			<label>$LOCALIZE[33003] [LOWERCASE]$ADDON[script.artwork.downloader 32133][/LOWERCASE]</label>
			<description>Download artwork button</description>
			<left>-</left>
			<top>-</top>
			<width>450</width>
			<height>57</height>
			<font>fontContextMenu</font>
			<align>center</align>
			<textcolor>grey2</textcolor>
			<focusedcolor>white</focusedcolor>
			<texturefocus border="8" colordiffuse="theme">button-focus.png</texturefocus>
			<onclick>RunScript(script.artwork.downloader, mode=gui, mediatype=$INFO[ListItem.DBTYPE], dbid=$INFO[ListItem.DBID])</onclick>
			<visible>System.HasAddon(script.artwork.downloader) + !Skin.HasSetting(DisableArtworkDownload)</visible>
		</control>
	</include>
</includes>
