<?xml version="1.0" encoding="UTF-8"?>
<window>
	<defaultcontrol always="true">6</defaultcontrol>
	<menucontrol>9000</menucontrol>
	<controls>
		<include>CommonBackground</include>
		<control type="group">
			<top>15</top>
			<include>Window_OpenClose_Animation</include>
			<control type="image">
				<left>668</left>
				<top>60</top>
				<width>585</width>
				<height>960</height>
				<texture>black-back.png</texture>
			</control>
			<control type="label">
				<left>712</left>
				<top>68</top>
				<width>495</width>
				<height>45</height>
				<font>font13_title</font>
				<textcolor>theme</textcolor>
				<scroll>true</scroll>
				<align>center</align>
				<aligny>center</aligny>
				<label>$LOCALIZE[31061]</label>
			</control>
			<control type="group" id="9000">
				<left>712</left>
				<top>825</top>
				<control type="button" id="6">
					<description>Open Button</description>
					<left>0</left>
					<top>0</top>
					<width>495</width>
					<label>31055</label>
					<align>center</align>
					<include>ButtonHomeSubCommonValues</include>
					<onleft>50</onleft>
					<onright>100</onright>
					<onup>8</onup>
					<ondown>7</ondown>
				</control>
				<control type="button" id="7">
					<description>Save Button</description>
					<left>0</left>
					<top>60</top>
					<width>495</width>
					<label>31056</label>
					<align>center</align>
					<include>ButtonHomeSubCommonValues</include>
					<onleft>50</onleft>
					<onright>100</onright>
					<onup>6</onup>
					<ondown>8</ondown>
				</control>
				<control type="button" id="8">
					<description>Clear button</description>
					<left>0</left>
					<top>120</top>
					<width>495</width>
					<label>31057</label>
					<align>center</align>
					<include>ButtonHomeSubCommonValues</include>
					<onleft>50</onleft>
					<onright>100</onright>
					<onup>7</onup>
					<ondown>6</ondown>
				</control>
			</control>
			<control type="group">
				<visible>Control.HasFocus(50)</visible>
				<include>VisibleFadeEffect</include>
				<control type="image">
					<left>720</left>
					<top>135</top>
					<width>480</width>
					<height>300</height>
					<aspectratio>keep</aspectratio>
					<texture>$INFO[Container(50).ListItem.Icon]</texture>
				</control>
				<control type="textbox">
					<left>720</left>
					<top>453</top>
					<width>480</width>
					<height>327</height>
					<font>font13</font>
					<align>center</align>
					<textcolor>white</textcolor>
					<shadowcolor>black</shadowcolor>
					<pagecontrol>-</pagecontrol>
					<label>$INFO[Container(50).ListItem.Title,[COLOR=theme]$LOCALIZE[556]:[/COLOR] ,[CR]]$INFO[Container(50).ListItem.Artist,[COLOR=theme]$LOCALIZE[557]:[/COLOR] ,[CR]]$INFO[Container(50).ListItem.Album,[COLOR=theme]$LOCALIZE[558]:[/COLOR] ,[CR]]$INFO[Container(50).ListItem.Duration,[COLOR=theme]$LOCALIZE[555]:[/COLOR] ,[CR]]$INFO[Container(50).ListItem.TrackNumber,[COLOR=theme]$LOCALIZE[554]:[/COLOR] ,[CR]]$INFO[Container(50).ListItem.Genre,[COLOR=theme]$LOCALIZE[515]:[/COLOR] ,[CR]]</label>
				</control>
			</control>
			<control type="group">
				<visible>Control.HasFocus(100)</visible>
				<include>VisibleFadeEffect</include>
				<control type="image">
					<left>698</left>
					<top>135</top>
					<width>525</width>
					<height>300</height>
					<aspectratio>keep</aspectratio>
					<texture>$INFO[Container(100).ListItem.Icon]</texture>
				</control>
				<control type="textbox">
					<left>698</left>
					<top>453</top>
					<width>525</width>
					<height>327</height>
					<font>font13</font>
					<align>center</align>
					<textcolor>white</textcolor>
					<shadowcolor>black</shadowcolor>
					<pagecontrol>-</pagecontrol>
					<label>$INFO[Container(100).ListItem.Title,[COLOR=theme]$LOCALIZE[556]:[/COLOR] ,[CR]]$INFO[Container(100).ListItem.Artist,[COLOR=theme]$LOCALIZE[557]:[/COLOR] ,[CR]]$INFO[Container(100).ListItem.Album,[COLOR=theme]$LOCALIZE[558]:[/COLOR] ,[CR]]$INFO[Container(100).ListItem.Duration,[COLOR=theme]$LOCALIZE[555]:[/COLOR] ,[CR]]$INFO[Container(100).ListItem.TrackNumber,[COLOR=theme]$LOCALIZE[554]:[/COLOR] ,[CR]]$INFO[Container(100).ListItem.Genre,[COLOR=theme]$LOCALIZE[515]:[/COLOR] ,[CR]]</label>
				</control>
			</control>
		</control>
		<control type="group">
			<animation effect="slide" start="-720,0" end="0,0" time="375" tween="quadratic" easing="out">WindowOpen</animation>
			<animation effect="slide" end="-720,0" start="0,0" time="375" tween="quadratic" easing="out">WindowClose</animation>
			<control type="image">
				<left>0</left>
				<top>0</top>
				<width>720</width>
				<height>1080</height>
				<texture border="0,0,22,0" colordiffuse="theme">MediaBladeSub.png</texture>
			</control>
			<control type="label">
				<left>45</left>
				<top>60</top>
				<width>615</width>
				<height>45</height>
				<font>font24_title</font>
				<textcolor>white</textcolor>
				<scroll>true</scroll>
				<align>left</align>
				<aligny>center</aligny>
				<label>31058</label>
			</control>
			<control type="image">
				<left>15</left>
				<top>120</top>
				<width>690</width>
				<height>6</height>
				<texture>separator.png</texture>
			</control>
			<control type="image">
				<left>15</left>
				<top>75r</top>
				<width>690</width>
				<height>6</height>
				<texture>separator.png</texture>
			</control>
			<control type="label">
				<description>number of files/pages in left list text label</description>
				<left>45</left>
				<top>57r</top>
				<width>615</width>
				<font>font12</font>
				<align>left</align>
				<scroll>true</scroll>
				<textcolor>theme</textcolor>
				<shadowcolor>black</shadowcolor>
				<label>($INFO[Container(50).NumItems]) $LOCALIZE[31025] - $LOCALIZE[31024] ($INFO[Container(50).CurrentPage]/$INFO[Container(50).NumPages])</label>
			</control>
			<control type="scrollbar" id="30">
				<left>30</left>
				<top>150</top>
				<width>38</width>
				<height>810</height>
				<texturesliderbackground border="0,21,0,21">ScrollBarV.png</texturesliderbackground>
				<texturesliderbar border="0,21,0,21">ScrollBarV_bar.png</texturesliderbar>
				<texturesliderbarfocus border="0,21,0,21" colordiffuse="theme">ScrollBarV_bar_focus.png</texturesliderbarfocus>
				<textureslidernib>ScrollBarNib.png</textureslidernib>
				<textureslidernibfocus>ScrollBarNib.png</textureslidernibfocus>
				<onleft>31</onleft>
				<onright>50</onright>
				<showonepage>false</showonepage>
				<orientation>vertical</orientation>
			</control>
			<control type="list" id="50">
				<left>75</left>
				<top>150</top>
				<width>600</width>
				<height>810</height>
				<onleft>30</onleft>
				<onright>9000</onright>
				<onup>50</onup>
				<ondown>50</ondown>
				<viewtype label="">list</viewtype>
				<pagecontrol>30</pagecontrol>
				<scrolltime>200</scrolltime>
				<itemlayout height="45" width="600">
					<control type="label">
						<left>8</left>
						<top>0</top>
						<width>570</width>
						<height>45</height>
						<font>font12</font>
						<textcolor>grey2</textcolor>
						<selectedcolor>selected</selectedcolor>
						<align>left</align>
						<aligny>center</aligny>
						<info>ListItem.Label</info>
					</control>
					<control type="label">
						<left>52</left>
						<top>0</top>
						<width>540</width>
						<height>45</height>
						<font>font12</font>
						<textcolor>grey2</textcolor>
						<selectedcolor>selected</selectedcolor>
						<align>right</align>
						<aligny>center</aligny>
						<info>ListItem.Label2</info>
					</control>
				</itemlayout>
				<focusedlayout height="45" width="600">
					<control type="image">
						<left>0</left>
						<top>0</top>
						<width>600</width>
						<height>45</height>
						<texture border="10" colordiffuse="theme">MenuItemFO.png</texture>
						<visible>Control.HasFocus(50)</visible>
						<include>VisibleFadeEffect</include>
					</control>
					<control type="label">
						<left>8</left>
						<top>0</top>
						<width>570</width>
						<height>45</height>
						<font>font12</font>
						<textcolor>white</textcolor>
						<selectedcolor>selected</selectedcolor>
						<align>left</align>
						<aligny>center</aligny>
						<info>ListItem.Label</info>
					</control>
					<control type="label">
						<left>52</left>
						<top>0</top>
						<width>540</width>
						<height>45</height>
						<font>font12</font>
						<textcolor>white</textcolor>
						<selectedcolor>selected</selectedcolor>
						<align>right</align>
						<aligny>center</aligny>
						<info>ListItem.Label2</info>
					</control>
				</focusedlayout>
			</control>
		</control>
		<control type="group">
			<animation effect="slide" start="720,0" end="0,0" time="375" tween="quadratic" easing="out">WindowOpen</animation>
			<animation effect="slide" end="720,0" start="0,0" time="375" tween="quadratic" easing="out">WindowClose</animation>
			<left>1200</left>
			<control type="image">
				<left>0</left>
				<top>0</top>
				<width>720</width>
				<height>1080</height>
				<texture border="22,0,0,0" flipx="true" colordiffuse="theme">MediaBladeSub.png</texture>
			</control>
			<control type="label">
				<left>45</left>
				<top>60</top>
				<width>615</width>
				<height>45</height>
				<font>font24_title</font>
				<textcolor>white</textcolor>
				<scroll>true</scroll>
				<align>right</align>
				<aligny>center</aligny>
				<label>31059</label>
			</control>
			<control type="image">
				<left>15</left>
				<top>120</top>
				<width>690</width>
				<height>6</height>
				<texture>separator.png</texture>
			</control>
			<control type="image">
				<left>15</left>
				<top>75r</top>
				<width>690</width>
				<height>6</height>
				<texture>separator.png</texture>
			</control>
			<control type="label">
				<description>Page Count Label</description>
				<left>210</left>
				<top>57r</top>
				<width>450</width>
				<height>30</height>
				<font>font12</font>
				<textcolor>theme</textcolor>
				<scroll>false</scroll>
				<align>right</align>
				<aligny>center</aligny>
				<label>($INFO[Container(100).NumItems]) $LOCALIZE[31025] - $LOCALIZE[31024] ($INFO[Container(100).CurrentPage]/$INFO[Container(100).NumPages])</label>
			</control>
			<control type="scrollbar" id="31">
				<left>645</left>
				<top>150</top>
				<width>38</width>
				<height>825</height>
				<texturesliderbackground border="0,21,0,21">ScrollBarV.png</texturesliderbackground>
				<texturesliderbar border="0,21,0,21">ScrollBarV_bar.png</texturesliderbar>
				<texturesliderbarfocus border="0,21,0,21" colordiffuse="theme">ScrollBarV_bar_focus.png</texturesliderbarfocus>
				<textureslidernib>ScrollBarNib.png</textureslidernib>
				<textureslidernibfocus>ScrollBarNib.png</textureslidernibfocus>
				<onleft>100</onleft>
				<onright>30</onright>
				<showonepage>false</showonepage>
				<orientation>vertical</orientation>
			</control>
			<control type="list" id="100">
				<left>30</left>
				<top>150</top>
				<width>600</width>
				<height>825</height>
				<onleft>9000</onleft>
				<onright>31</onright>
				<onup>100</onup>
				<ondown>100</ondown>
				<viewtype label="">list</viewtype>
				<pagecontrol>31</pagecontrol>
				<scrolltime>200</scrolltime>
				<itemlayout height="45" width="600">
					<control type="label">
						<left>8</left>
						<top>0</top>
						<width>570</width>
						<height>45</height>
						<font>font12</font>
						<textcolor>grey2</textcolor>
						<selectedcolor>selected</selectedcolor>
						<align>left</align>
						<aligny>center</aligny>
						<info>ListItem.Label</info>
					</control>
					<control type="label">
						<left>52</left>
						<top>0</top>
						<width>540</width>
						<height>45</height>
						<font>font12</font>
						<textcolor>grey2</textcolor>
						<selectedcolor>selected</selectedcolor>
						<align>right</align>
						<aligny>center</aligny>
						<info>ListItem.Label2</info>
					</control>
				</itemlayout>
				<focusedlayout height="45" width="600">
					<control type="image">
						<left>0</left>
						<top>0</top>
						<width>600</width>
						<height>45</height>
						<texture border="10" colordiffuse="theme">MenuItemFO.png</texture>
						<visible>Control.HasFocus(100)</visible>
						<include>VisibleFadeEffect</include>
					</control>
					<control type="label">
						<left>8</left>
						<top>0</top>
						<width>570</width>
						<height>45</height>
						<font>font12</font>
						<textcolor>white</textcolor>
						<selectedcolor>selected</selectedcolor>
						<align>left</align>
						<aligny>center</aligny>
						<info>ListItem.Label</info>
					</control>
					<control type="label">
						<left>52</left>
						<top>0</top>
						<width>540</width>
						<height>45</height>
						<font>font12</font>
						<textcolor>white</textcolor>
						<selectedcolor>selected</selectedcolor>
						<align>right</align>
						<aligny>center</aligny>
						<info>ListItem.Label2</info>
					</control>
				</focusedlayout>
			</control>
		</control>
		<include content="CommonWindowHeader">
			<param name="Icon" value="icon_music" />
			<param name="Label" value="$LOCALIZE[10503]" />
		</include>
	</controls>
</window>
