<?xml version="1.0" encoding="UTF-8"?>
<window>
	<defaultcontrol>10</defaultcontrol>
	<coordinates>
		<left>360</left>
		<top>210</top>
	</coordinates>
	<include>dialogeffect</include>
	<controls>
		<include content="DialogBackgroundCommons">
			<param name="DialogBackgroundWidth" value="800" />
			<param name="DialogBackgroundHeight" value="420" />
			<param name="DialogHeaderWidth" value="720" />
			<param name="DialogHeaderLabel" value="-" />
			<param name="DialogHeaderId" value="2" />
			<param name="CloseButtonLeft" value="710" />
			<param name="CloseButtonNav" value="10" />
		</include>
		<control type="label" id="3">
			<description>List label</description>
			<left>30</left>
			<top>98</top>
			<width>1140</width>
			<height>45</height>
			<align>center</align>
			<aligny>center</aligny>
			<font>font12</font>
			<textcolor>theme</textcolor>
			<shadowcolor>black</shadowcolor>
		</control>
		<control type="list" id="10">
			<left>45</left>
			<top>158</top>
			<width>780</width>
			<height>338</height>
			<onup>9001</onup>
			<onleft>9000</onleft>
			<onright>60</onright>
			<ondown>9001</ondown>
			<pagecontrol>60</pagecontrol>
			<scrolltime>200</scrolltime>
			<itemlayout height="68">
				<control type="image">
					<left>0</left>
					<top>0</top>
					<width>780</width>
					<height>60</height>
					<texture border="8" colordiffuse="theme">button-nofocus.png</texture>
				</control>
				<control type="label">
					<left>15</left>
					<top>0</top>
					<width>750</width>
					<height>60</height>
					<font>font13</font>
					<align>left</align>
					<aligny>center</aligny>
					<textcolor>grey2</textcolor>
					<selectedcolor>selected</selectedcolor>
					<info>ListItem.Label</info>
				</control>
			</itemlayout>
			<focusedlayout height="68">
				<control type="image">
					<left>0</left>
					<top>0</top>
					<width>780</width>
					<height>60</height>
					<visible>!Control.HasFocus(10)</visible>
					<texture border="8" colordiffuse="theme">button-nofocus.png</texture>
				</control>
				<control type="image">
					<left>0</left>
					<top>0</top>
					<width>780</width>
					<height>60</height>
					<visible>Control.hasfocus(14) | Control.HasFocus(10)</visible>
					<texture border="8" colordiffuse="theme">button-focus2.png</texture>
				</control>
				<control type="label">
					<left>15</left>
					<top>0</top>
					<width>750</width>
					<height>60</height>
					<font>font13</font>
					<align>left</align>
					<aligny>center</aligny>
					<selectedcolor>selected</selectedcolor>
					<info>ListItem.Label</info>
				</control>
			</focusedlayout>
		</control>
		<control type="scrollbar" id="60">
			<left>828</left>
			<top>158</top>
			<width>38</width>
			<height>338</height>
			<texturesliderbackground border="0,21,0,21">ScrollBarV.png</texturesliderbackground>
			<texturesliderbar border="0,21,0,21">ScrollBarV_bar.png</texturesliderbar>
			<texturesliderbarfocus border="0,21,0,21" colordiffuse="theme">ScrollBarV_bar_focus.png</texturesliderbarfocus>
			<textureslidernib>ScrollBarNib.png</textureslidernib>
			<textureslidernibfocus>ScrollBarNib.png</textureslidernibfocus>
			<onleft>10</onleft>
			<onright>9000</onright>
			<showonepage>false</showonepage>
			<orientation>vertical</orientation>
		</control>
		<control type="group" id="9000">
			<left>870</left>
			<top>158</top>
			<control type="button" id="11">
				<description>Change Set Button</description>
				<left>0</left>
				<top>0</top>
				<width>300</width>
				<height>60</height>
				<font>font12_title</font>
				<align>center</align>
				<aligny>center</aligny>
				<onup>18</onup>
				<onleft>60</onleft>
				<onright>10</onright>
				<ondown>13</ondown>
			</control>
			<control type="button" id="13">
				<description>Add Button</description>
				<left>0</left>
				<top>68</top>
				<width>300</width>
				<height>60</height>
				<font>font12_title</font>
				<label>15019</label>
				<align>center</align>
				<aligny>center</aligny>
				<onup>11</onup>
				<onleft>60</onleft>
				<onright>10</onright>
				<ondown>14</ondown>
			</control>
			<control type="button" id="14">
				<description>Remove Button</description>
				<left>0</left>
				<top>135</top>
				<width>300</width>
				<height>60</height>
				<font>font12_title</font>
				<label>1210</label>
				<align>center</align>
				<aligny>center</aligny>
				<onup>13</onup>
				<onleft>60</onleft>
				<onright>10</onright>
				<ondown>9001</ondown>
			</control>
		</control>
		<control type="group" id="9001">
			<control type="button" id="18">
				<description>Ok Button</description>
				<left>300</left>
				<top>532</top>
				<width>300</width>
				<height>60</height>
				<align>center</align>
				<aligny>center</aligny>
				<label>186</label>
				<font>font12_title</font>
				<onup>9000</onup>
				<onleft>20</onleft>
				<onright>19</onright>
				<ondown>10</ondown>
			</control>
			<control type="button" id="19">
				<description>Cancel Button</description>
				<left>615</left>
				<top>532</top>
				<width>300</width>
				<height>60</height>
				<align>center</align>
				<aligny>center</aligny>
				<label>222</label>
				<font>font12_title</font>
				<onup>9000</onup>
				<onleft>18</onleft>
				<onright>20</onright>
				<ondown>10</ondown>
			</control>
		</control>
	</controls>
</window>
