<?xml version="1.0" encoding="UTF-8" standalone="yes"?>
<addon id="plugin.program.tbs" name="Maintenance" version="4.4.8" provider-name="Total Revolution">
	<requires>
		<import addon="xbmc.python" version="2.1.0"/>
		<import addon="script.module.python.koding.aio" version="0.5"/>
		<import addon="repository.spartacus" version="1.0"/>
		<import addon="plugin.program.super.favourites" version="1.0.43" optional="true"/>
	</requires>
	<extension point="xbmc.python.library" library="default.py"/>
	<extension point="xbmc.python.pluginsource" library="default.py">
		<provides>video audio executable</provides>
	</extension>
	<extension point="xbmc.service" library="service.py" "[login|startup]" />
	<extension point="kodi.context.item" library="context.py">
		<item>
			<label>Share...</label>
			<visible>true</visible>
		</item>
	</extension>
	<extension point="xbmc.addon.metadata">
		<summary lang="en">Maintenance - powered by Total Revolution</summary>
		<description lang="en">Your one stop add-on for everything you could possibly need.</description>
		<platform>all</platform>
		<news>Improved home background sync</news>
	</extension>
</addon>
